{
    "text_only": {
        "acc": 0.8361774744027304,
        "f1": 0.825458058336976
    },
    "visual_only": {
        "acc": 0.9539249146757679,
        "f1": 0.9542268181768861
    },
    "hybrid": {
        "acc": 0.9385665529010239,
        "f1": 0.9388472254422904
    },
    "knn_visual": {
        "acc": 0.9266211604095563,
        "f1": 0.9268988643145544
    }
}