{
    "clip": {
        "armas": {
            "precision": 0.9855072463768116,
            "recall": 0.9577464788732394,
            "f1-score": 0.9714285714285714,
            "support": 142.0
        },
        "dinheiro": {
            "precision": 0.9863013698630136,
            "recall": 0.96,
            "f1-score": 0.972972972972973,
            "support": 150.0
        },
        "drogas": {
            "precision": 0.9060402684563759,
            "recall": 0.9642857142857143,
            "f1-score": 0.9342560553633218,
            "support": 140.0
        },
        "outros": {
            "precision": 0.8843537414965986,
            "recall": 0.8783783783783784,
            "f1-score": 0.8813559322033898,
            "support": 148.0
        },
        "accuracy": 0.9396551724137931,
        "macro avg": {
            "precision": 0.9405506565481999,
            "recall": 0.9401026428843331,
            "f1-score": 0.940003382992064,
            "support": 580.0
        },
        "weighted avg": {
            "precision": 0.9407193548109458,
            "recall": 0.9396551724137931,
            "f1-score": 0.9398712565616721,
            "support": 580.0
        }
    },
    "ensemble": {
        "armas": {
            "precision": 0.8823529411764706,
            "recall": 0.9507042253521126,
            "f1-score": 0.9152542372881356,
            "support": 142.0
        },
        "dinheiro": {
            "precision": 1.0,
            "recall": 0.8466666666666667,
            "f1-score": 0.9169675090252708,
            "support": 150.0
        },
        "drogas": {
            "precision": 0.976,
            "recall": 0.8714285714285714,
            "f1-score": 0.9207547169811321,
            "support": 140.0
        },
        "outros": {
            "precision": 0.7714285714285715,
            "recall": 0.9121621621621622,
            "f1-score": 0.8359133126934984,
            "support": 148.0
        },
        "accuracy": 0.8948275862068965,
        "macro avg": {
            "precision": 0.9074453781512605,
            "recall": 0.8952404064023782,
            "f1-score": 0.8972224439970091,
            "support": 580.0
        },
        "weighted avg": {
            "precision": 0.9070785279629094,
            "recall": 0.8948275862068965,
            "f1-score": 0.8967794115598312,
            "support": 580.0
        }
    },
    "resnet": {
        "armas": {
            "precision": 0.8947368421052632,
            "recall": 0.9577464788732394,
            "f1-score": 0.9251700680272109,
            "support": 142.0
        },
        "dinheiro": {
            "precision": 0.9916666666666667,
            "recall": 0.7933333333333333,
            "f1-score": 0.8814814814814815,
            "support": 150.0
        },
        "drogas": {
            "precision": 0.975,
            "recall": 0.8357142857142857,
            "f1-score": 0.9,
            "support": 140.0
        },
        "outros": {
            "precision": 0.723404255319149,
            "recall": 0.918918918918919,
            "f1-score": 0.8095238095238095,
            "support": 148.0
        },
        "accuracy": 0.8758620689655172,
        "macro avg": {
            "precision": 0.8962019410227697,
            "recall": 0.8764282542099443,
            "f1-score": 0.8790438397581255,
            "support": 580.0
        },
        "weighted avg": {
            "precision": 0.8954594161485888,
            "recall": 0.8758620689655172,
            "f1-score": 0.8782860270544999,
            "support": 580.0
        }
    }
}